CODE,NOWAGE,GOALMONEY,SAVEDMONEY,GOALTIME,POSITIVEMONEY,goalMoney
10556146,32,7551,0,20,20,7551
97738039,45,3852,0,9,29,3852
1807284,24,0,0,17,0,0
14480743,51,4623,0,7,50,4623
31434597,46,0,0,17,0,0
64422590,42,6472,0,10,47,6472
50175534,23,8984,0,13,38,8984
21945261,28,8614,0,8,78,8614
64677531,46,26039,0,10,142,26039
82237392,54,8732,0,5,37,8732
49818421,32,5360,0,13,24,5360
22093067,27,0,0,7,0,0
44874921,33,4777,0,6,66,4777
18658630,52,0,0,11,0,0
33630662,29,0,0,8,0,0
69605346,22,0,0,17,0,0
61967101,50,8463,0,11,12,8463
39585316,45,11007,0,14,24,11007
68108230,40,3817,0,18,12,3817
80582484,29,6508,0,19,18,6508
73843996,52,5085,0,12,28,5085
15929261,40,9569,0,17,32,9569
69017780,55,11392,0,10,58,11392
61897333,37,9188,0,12,51,9188
52889201,50,0,0,6,0,0
80130878,35,12634,0,5,120,12634
99614930,50,11007,0,11,37,11007
70589537,37,7178,0,7,29,7178
29518038,33,3082,0,9,23,3082
7175223,21,2290,0,12,13,2290
84202124,51,10016,0,18,31,10016
76686369,42,17186,0,7,86,17186
79360238,27,0,0,13,0,0
67159024,29,1699,0,19,5,1699
86067601,23,19139,0,16,62,19139
79829420,26,0,0,17,0,0
54249023,43,0,0,19,0,0
83385907,49,0,0,15,0,0
36075429,51,0,0,10,0,0
15785490,48,6164,0,6,84,6164
80963539,25,0,0,17,0,0
4862247,51,14061,0,7,179,14061
59067751,29,0,0,19,0,0
40296741,29,0,0,6,0,0
38975417,43,0,0,6,0,0
75803507,40,9569,0,12,53,9569
85620380,41,14582,0,5,160,14582
68637275,51,9380,0,15,35,9380
97708989,34,8040,0,13,40,8040
43634800,25,11300,0,8,76,11300
30720480,30,28643,0,18,88,28643
79704394,23,9759,0,12,55,9759
71503958,48,0,0,12,0,0
24213854,49,18664,0,17,63,18664
19974587,21,10025,0,15,41,10025
46425478,31,5171,0,15,21,5171
35869126,28,6934,0,19,20,6934
79751425,42,2093,0,7,23,2093
56013427,40,0,0,8,0,0
6020001,24,5701,0,15,23,5701
32039564,33,12442,0,19,35,12442
8350849,35,0,0,9,0,0
56800840,25,8853,0,19,25,8853
70439601,50,20831,0,6,45,20831
6642920,34,9715,0,17,28,9715
93433126,35,0,0,16,0,0
28122208,45,0,0,8,0,0
60470346,52,0,0,7,0,0
11666503,54,9374,0,9,71,9374
58571989,22,2807,0,12,16,2807
4776703,34,9759,0,11,21,9759
50041022,26,27992,0,8,206,27992
1678513,47,13671,0,5,139,13671
18803698,38,5264,0,15,17,5264
5749254,22,18878,0,20,49,18878
52024382,38,0,0,9,0,0
12126038,29,0,0,10,0,0
43901952,29,15792,0,6,33,15792
5552501,26,14405,0,12,80,14405
71486943,51,2585,0,10,37,2585
89275339,30,8593,0,9,41,8593
57948848,52,0,0,19,0,0
93313041,47,13671,0,13,68,13671
94693214,42,26690,0,16,98,26690
63946123,37,5085,0,8,46,5085
58292400,37,2401,0,10,17,2401
13265052,55,19529,0,6,54,19529
47298754,48,3176,0,18,10,3176
43062301,32,12108,0,18,37,12108
27811945,23,19594,0,16,72,19594
65177182,21,17186,0,15,70,17186
52379995,37,6891,0,12,38,6891
81771314,30,0,0,18,0,0
42050815,24,0,0,10,0,0
75025205,24,3339,0,5,59,3339
30235951,31,8333,0,18,26,8333
47106716,51,17772,0,20,46,17772
36231126,35,15233,0,15,62,15233
3037066,35,14357,0,16,53,14357
9376361,43,0,0,8,0,0
2729267,34,9188,0,6,124,9188
50627238,30,0,0,19,0,0
9369769,22,0,0,15,0,0
61685469,29,0,0,11,0,0
52483256,24,9895,0,7,108,9895
24726048,41,13671,0,19,39,13671
34753842,53,0,0,8,0,0
26634574,36,4520,0,15,18,4520
24803896,26,0,0,18,0,0
69122131,38,0,0,8,0,0
51464831,26,16795,0,8,35,16795
59484040,46,14061,0,11,55,14061
92635356,39,0,0,6,0,0
81652169,44,7191,0,12,40,7191
81417697,52,6030,0,20,16,6030
66827807,52,1921,0,9,23,1921
33352820,20,0,0,8,0,0
44016294,27,9374,0,8,42,9374
64438241,30,10416,0,10,75,10416
79666499,34,0,0,6,0,0
10896301,34,19621,0,19,41,19621
49222178,52,0,0,7,0,0
25068462,43,24086,0,17,53,24086
38943760,39,9810,0,12,55,9810
75889891,37,14061,0,15,56,14061
40988649,42,28643,0,10,128,28643
92231560,23,18878,0,9,62,18878
9401639,49,26039,0,11,63,26039
72203222,47,12499,0,6,115,12499
19075629,40,17186,0,19,48,17186
24442109,47,12499,0,6,60,12499
97835293,44,9569,0,20,25,9569
2597590,32,0,0,9,0,0
82155717,33,0,0,6,0,0
23014885,42,4186,0,18,13,4186
52137450,27,20578,0,9,19,20578
4816575,34,4678,0,15,19,4678
67245277,24,11718,0,14,53,11718
10027591,54,5743,0,9,427,5743
15293346,54,2465,0,14,11,2465
97034123,49,0,0,19,0,0
10249914,28,1847,0,6,25,1847
17738089,45,14126,0,9,33,14126
25358548,40,0,0,8,0,0
55284879,41,11067,0,12,29,11067
75004074,50,0,0,12,0,0
75930957,31,0,0,20,0,0
22811149,52,5213,0,18,16,5213
47911537,46,5907,0,15,24,5907
54992907,46,11485,0,17,39,11485
12434911,37,1354,0,14,6,1354
48257959,32,15624,0,10,168,15624
27942367,31,2438,0,19,7,2438
85039653,33,14973,0,6,54,14973
79094722,34,18227,0,20,47,18227
816266,21,0,0,20,0,0
85368503,27,2068,0,11,9,2068
55671628,24,28643,0,7,55,28643
55231502,55,0,0,18,0,0
89285446,31,2155,0,19,6,2155
89966734,39,18227,0,9,35,18227
57042344,47,0,0,6,0,0
36889553,52,28643,0,16,83,28643
55031277,40,26690,0,17,72,26690
80265417,55,25388,0,13,228,25388
10036606,45,0,0,11,0,0
14953575,21,9715,0,10,70,9715
28938318,29,0,0,18,0,0
63150184,25,19621,0,15,72,19621
85566419,42,0,0,13,0,0
52273553,28,5264,0,18,16,5264
53001890,37,4802,0,6,65,4802
81186589,25,0,0,5,0,0
44189037,23,0,0,8,0,0
81473643,48,0,0,13,0,0
16800924,41,7812,0,6,106,7812
14316872,37,5168,0,6,70,5168
78623388,39,2672,0,20,7,2672
94185388,31,16795,0,6,90,16795
28917716,52,5551,0,15,22,5551
61321387,48,5982,0,12,33,5982
22860714,22,0,0,16,0,0
62054904,29,20831,0,10,146,20831
88867755,28,23435,0,9,77,23435
8215867,47,6510,0,18,20,6510
59480397,36,0,0,20,0,0
41193832,51,4417,0,18,14,4417
49983430,43,10528,0,15,43,10528
24452227,26,0,0,14,0,0
85146102,46,28643,0,13,28,28643
54780037,51,0,0,18,0,0
21554351,51,10050,0,8,5,10050
9515138,30,12347,0,19,35,12347
6055758,23,10546,0,12,92,10546
47757006,27,10337,0,8,93,10337
43258306,46,0,0,19,0,0
93276425,40,0,0,9,0,0
66487283,36,0,0,15,0,0
34230468,31,16860,0,9,40,16860
51749890,39,0,0,19,0,0
86020468,30,0,0,9,0,0
72105761,39,7083,0,18,22,7083
38094681,28,17576,0,9,33,17576
47840974,40,16925,0,19,47,16925
87652772,42,5034,0,11,32,5034
19879567,36,0,0,5,0,0
18575295,36,0,0,16,0,0
62347627,20,0,0,14,0,0
21043446,27,18185,0,20,47,18185
65050572,53,7961,0,18,24,7961
80874998,44,9765,0,13,49,9765
15283046,39,0,0,13,0,0
64699755,29,10155,0,9,77,10155
5648835,21,16795,0,15,68,16795
4962043,31,0,0,17,0,0
16179095,41,5547,0,11,35,5547
51516199,21,2770,0,19,8,2770
19383205,32,21056,0,16,10,21056
92254115,54,3706,0,8,6,3706
22899417,42,0,0,19,0,0
26903839,31,13735,0,11,19,13735
74933526,47,17576,0,19,32,17576
56869283,49,0,0,17,0,0
96579281,32,0,0,7,0,0
92465818,21,0,0,8,0,0
69232980,34,0,0,6,0,0
7271175,46,2585,0,19,7,2585
67689036,27,15624,0,18,48,15624
37848443,22,9374,0,12,52,9374
41139463,53,13671,0,10,76,13671
35682211,20,9114,0,6,124,9114
40719779,46,11067,0,7,49,11067
42069126,41,17707,0,19,50,17707
43195664,23,2290,0,14,10,2290
40794911,36,0,0,13,0,0
41633807,39,0,0,14,0,0
78839253,41,0,0,11,0,0
2874680,24,15624,0,6,150,15624
16656072,33,0,0,19,0,0
89188837,47,0,0,13,0,0
98780377,43,10530,0,7,17,10530
26530535,39,5503,0,5,55,5503
11334041,34,0,0,15,0,0
18244676,41,0,0,5,0,0
89438078,47,0,0,17,0,0
6644360,47,15624,0,15,63,15624
96028944,31,2585,0,14,12,2585
73990696,30,0,0,14,0,0
84797200,54,0,0,8,0,0
49905471,22,0,0,16,0,0
9562706,38,15792,0,16,45,15792
40877608,37,10155,0,18,31,10155
63139974,26,8732,0,17,17,8732
53612258,30,6318,0,11,40,6318
87035018,54,0,0,14,0,0
48017959,51,16405,0,18,50,16405
85539970,49,8788,0,19,25,8788
1971895,42,8218,0,18,25,8218
34836185,40,15493,0,19,44,15493
53867928,39,9045,0,12,51,9045
54973426,43,0,0,16,0,0
61019051,44,0,0,11,0,0
27168095,39,0,0,10,0,0
8772292,54,0,0,16,0,0
87844273,29,3082,0,12,17,3082
87157942,24,10720,0,16,45,10720
42433400,51,5468,0,8,28,5468
30210241,36,0,0,12,0,0
96903319,32,1724,0,20,4,1724
16816544,34,7486,0,12,24,7486
57293494,46,12060,0,5,76,12060
84327528,36,12108,0,10,24,12108
86601630,45,0,0,19,0,0
20004020,32,12108,0,9,60,12108
34629311,49,10787,0,12,35,10787
3668771,24,1354,0,16,5,1354
22793752,38,12304,0,13,5,12304
57375057,38,4555,0,19,13,4555
39202296,30,0,0,8,0,0
54986923,36,8593,0,18,26,8593
53416654,41,7657,0,15,31,7657
2520346,37,20831,0,11,14,20831
32804979,32,7191,0,5,126,7191
93612875,52,16795,0,19,43,16795
12521876,33,7848,0,13,39,7848
26246600,42,19594,0,16,66,19594
75105193,27,0,0,20,0,0
28986301,35,0,0,19,0,0
52675891,27,12108,0,13,60,12108
44887756,49,15949,0,12,89,15949
7766146,49,22133,0,5,38,22133
20735713,52,1822,0,9,14,1822
47817396,37,4309,0,6,58,4309
18097598,26,0,0,16,0,0
2727518,36,15074,0,14,68,15074
63356504,31,13020,0,7,45,13020
30532834,50,0,0,18,0,0
21176351,23,21535,0,9,97,21535
22773546,38,10016,0,11,63,10016
88573049,41,15074,0,6,126,15074
60694527,40,0,0,12,0,0
88788063,23,22784,0,17,76,22784
59212860,41,0,0,17,0,0
41649635,22,0,0,9,0,0
5955527,46,17707,0,19,50,17707
73473432,34,3981,0,18,12,3981
8154065,33,0,0,10,0,0
74016235,27,0,0,7,0,0
76910026,46,10546,0,16,11,10546
38797263,51,1810,0,14,8,1810
63096413,36,8984,0,12,50,8984
67549195,54,5034,0,12,28,5034
26452758,52,0,0,12,0,0
6712344,38,15038,0,8,135,15038
83647790,27,0,0,20,0,0
42398070,26,3698,0,6,50,3698
71858059,33,0,0,11,0,0
87801187,23,3775,0,9,29,3775
98214256,27,10481,0,6,88,10481
22548865,22,0,0,11,0,0
64757094,26,15949,0,9,121,15949
1295013,36,0,0,10,0,0
79272942,52,8989,0,5,176,8989
81418499,45,0,0,15,0,0
89612917,33,5743,0,6,78,5743
8867168,43,11392,0,17,38,11392
46083576,40,16275,0,7,2,16275
24274894,50,12759,0,9,58,12759
45434341,32,14061,0,19,40,14061
47759687,45,23435,0,12,17,23435
91794161,22,11043,0,9,84,11043
12384237,25,0,0,19,0,0
91471669,41,4109,0,9,31,4109
22083281,24,5907,0,9,32,5907
17987078,46,0,0,9,0,0
75078104,38,16925,0,16,47,16925
29094476,36,19594,0,12,109,19594
75418324,46,16271,0,10,52,16271
93538297,21,12921,0,6,114,12921
18350808,26,17228,0,13,36,17228
24734397,40,16749,0,7,31,16749
88896547,24,10911,0,12,61,10911
76639361,31,8593,0,8,77,8593
76114037,38,0,0,9,0,0
97264642,35,24737,0,18,71,24737
45134007,50,20831,0,13,56,20831
26926791,29,0,0,16,0,0
23650766,21,15792,0,16,58,15792
24220923,35,6604,0,8,44,6604
49032006,30,10546,0,13,52,10546
24925205,44,0,0,10,0,0
25835486,43,9114,0,6,34,9114
8444968,41,12889,0,15,313,12889
39579267,48,0,0,20,0,0
59573829,51,23435,0,5,104,23435
21341526,54,12889,0,8,181,12889
18678317,22,0,0,11,0,0
35076376,35,0,0,10,0,0
29146732,36,0,0,16,0,0
25201840,38,0,0,7,0,0
32239834,35,25388,0,19,38,25388
15683006,41,16925,0,9,126,16925
93779141,20,12921,0,10,16,12921
23250838,29,11197,0,16,41,11197
92964074,39,2953,0,13,15,2953
21487922,35,24086,0,5,53,24086
55556225,42,0,0,14,0,0
74799430,31,0,0,10,0,0
96812177,28,21056,0,14,49,21056
31799895,51,7910,0,12,44,7910
65445787,28,8593,0,16,21,8593
3067507,51,5085,0,13,25,5085
75874207,40,5393,0,7,59,5393
59487924,22,13280,0,19,37,13280
37887748,27,14582,0,13,62,14582
46398281,40,5743,0,9,44,5743
58039972,47,0,0,13,0,0
85603192,44,0,0,10,0,0
5937760,28,13215,0,9,89,13215
38774807,31,13671,0,9,63,13671
52473106,31,0,0,14,0,0
53316887,33,14739,0,19,42,14739
83197176,21,18683,0,11,118,18683
24184535,36,7705,0,17,26,7705
91099878,52,0,0,9,0,0
58420101,22,0,0,5,0,0
69977931,36,0,0,8,0,0
23765779,55,0,0,16,0,0
11554070,22,6835,0,14,31,6835
62557416,49,13878,0,16,51,13878
61511458,51,20831,0,10,43,20831
55658770,34,3544,0,10,26,3544
55630751,38,8423,0,10,61,8423
41351399,43,0,0,19,0,0
60870144,46,20099,0,15,81,20099
77047679,48,11457,0,13,57,11457
70935897,51,0,0,13,0,0
34089171,28,12060,0,19,34,12060
84087664,25,3467,0,12,19,3467
35040587,38,0,0,15,0,0
87089561,21,12694,0,12,46,12694
17387874,44,10090,0,9,37,10090
11353719,31,12060,0,15,49,12060
37382765,50,0,0,20,0,0
11099709,40,0,0,5,0,0
8750814,30,12060,0,18,37,12060
52846735,48,24737,0,9,83,24737
41672090,45,1724,0,9,13,1724
37713833,45,15792,0,8,131,15792
2475207,48,0,0,11,0,0
86367938,54,5540,0,8,0,5540
42681285,42,11848,0,16,44,11848
25581153,39,24737,0,12,68,24737
79855497,40,16405,0,20,43,16405
14932999,38,20180,0,16,29,20180
10261333,33,8333,0,7,60,8333
56356356,25,0,0,7,0,0
91644619,49,13400,0,6,109,13400
29818201,27,0,0,20,0,0
49212019,33,3236,0,16,12,3236
73976887,52,0,0,6,0,0
8176879,44,5907,0,5,104,5907
69049941,48,1280,0,19,4,1280
34033956,43,11327,0,10,82,11327
25673531,21,1133,0,13,6,1133
90083280,35,4802,0,19,14,4802
19898854,46,0,0,13,0,0
15946028,47,3493,0,18,11,3493
79702364,38,3275,0,10,24,3275
22277365,32,20099,0,13,38,20099
36729068,49,5856,0,18,18,5856
86429614,34,0,0,6,0,0
41983264,20,0,0,20,0,0
53771319,49,19529,0,19,55,19529
8598989,28,0,0,8,0,0
77935443,34,11485,0,8,38,11485
72710716,27,0,0,10,0,0
14088732,41,16275,0,12,91,16275
9127228,49,6780,0,10,49,6780
30199972,43,0,0,9,0,0
86883452,49,15038,0,10,85,15038
77296751,45,0,0,7,0,0
23716885,30,3570,0,15,7,3570
45165251,24,2585,0,17,9,2585
64823279,21,13671,0,11,37,13671
51261170,28,10416,0,17,35,10416
11999561,42,8137,0,16,30,8137
91279222,39,0,0,15,0,0
52820830,21,0,0,16,0,0
82778637,42,0,0,6,0,0
8864478,48,0,0,5,0,0
72050166,38,8040,0,5,142,8040
678661,55,9635,0,16,35,9635
79129750,24,15038,0,9,46,15038
8559031,30,16795,0,9,128,16795
15428830,39,17707,0,13,53,17707
30607986,38,10767,0,14,48,10767
13514857,34,10025,0,8,90,10025
72660328,53,13671,0,20,36,13671
80238291,51,10416,0,12,86,10416
40794257,46,0,0,15,0,0
85780230,30,13735,0,8,2,13735
97366933,52,0,0,6,0,0
24106385,50,5729,0,10,37,5729
3215715,54,0,0,8,0,0
47949755,25,12347,0,6,21,12347
32332661,45,5171,0,7,56,5171
17815083,49,0,0,10,0,0
63456119,51,11485,0,9,87,11485
13539427,21,14842,0,18,37,14842
28006162,35,0,0,13,0,0
97850142,43,0,0,18,0,0
16135368,46,0,0,12,0,0
25151487,43,13996,0,7,7,13996
37512059,55,0,0,19,0,0
32077760,51,1724,0,15,7,1724
68192072,37,11718,0,13,58,11718
82131704,52,9374,0,12,52,9374
83696616,27,7812,0,17,18,7812
75888613,32,0,0,16,0,0
84077866,33,0,0,12,0,0
27560424,53,10481,0,20,27,10481
79681352,54,0,0,14,0,0
54937687,22,14582,0,15,59,14582
92861206,30,1539,0,9,12,1539
78706715,26,11055,0,7,69,11055
45532870,54,7031,0,9,112,7031
71731320,29,3698,0,18,11,3698
52400769,20,9374,0,15,38,9374
84453921,49,0,0,18,0,0
36905286,44,2216,0,13,11,2216
9756391,22,15038,0,13,75,15038
72211413,23,14842,0,18,5,14842
13819039,28,13671,0,8,116,13671
368714,49,2462,0,20,6,2462
97225494,31,5208,0,16,19,5208
74980573,27,0,0,18,0,0
28936216,47,17576,0,15,69,17576
15210231,44,9439,0,10,56,9439
85364545,25,3236,0,19,9,3236
50920966,22,0,0,8,0,0
55499138,54,9502,0,18,29,9502
68726145,40,17186,0,15,16,17186
59067602,39,0,0,19,0,0
74576192,34,0,0,9,0,0
72520369,44,3078,0,12,17,3078
81939729,32,6770,0,8,61,6770
28258230,35,3533,0,14,16,3533
68130429,40,20578,0,5,176,20578
27185286,37,8984,0,17,30,8984
43760829,37,27341,0,5,34,27341
17245335,54,16275,0,7,143,16275
31703940,52,0,0,7,0,0
67103457,31,2438,0,19,7,2438
38423923,50,0,0,8,0,0
33259145,44,0,0,18,0,0
54364892,39,0,0,20,0,0
89948860,42,7011,0,10,37,7011
43154987,41,4802,0,20,12,4802
16007264,31,0,0,10,0,0
95816910,32,0,0,6,0,0
97224165,31,10385,0,13,42,10385
78811732,54,0,0,19,0,0
53481394,29,9759,0,6,76,9759
66042901,32,0,0,14,0,0
30633242,39,7812,0,12,44,7812
4699672,34,0,0,16,0,0
51364504,27,17186,0,14,77,17186
92736079,43,14835,0,11,94,14835
87361629,28,10546,0,7,62,10546
68281752,51,0,0,18,0,0
38287513,25,9114,0,7,29,9114
64774374,46,9380,0,19,26,9380
77765145,48,2499,0,18,8,2499
47223274,36,6604,0,19,19,6604
6162671,24,14973,0,5,110,14973
41942235,25,0,0,11,0,0
31934208,49,26039,0,18,80,26039
486118,31,8710,0,15,35,8710
99799738,35,15314,0,11,92,15314
35393560,33,0,0,9,0,0
35975118,52,0,0,8,0,0
10333365,40,2290,0,17,8,2290
41163738,46,0,0,5,0,0
47672694,33,4469,0,7,49,4469
63770265,22,4315,0,18,1,4315
41988487,33,11007,0,12,61,11007
2822872,31,11390,0,12,64,11390
28016368,37,7031,0,6,7,7031
60058948,36,0,0,12,0,0
76968857,40,0,0,18,0,0
96707533,36,9571,0,14,56,9571
44739608,53,15949,0,7,38,15949
80880951,24,11848,0,17,40,11848
24669193,22,0,0,10,0,0
90600833,31,2524,0,11,16,2524
98383353,54,8732,0,17,20,8732
74627266,39,14739,0,17,49,14739
95953755,51,0,0,18,0,0
49097293,43,6604,0,8,60,6604
76707456,36,3817,0,19,11,3817
78568682,54,8593,0,7,57,8593
89170044,43,0,0,7,0,0
99771242,46,3801,0,18,12,3801
91258980,34,20831,0,8,34,20831
90344380,30,3817,0,7,42,3817
98222428,55,0,0,18,0,0
47459431,49,7705,0,17,26,7705
8837917,37,0,0,16,0,0
44817645,50,10416,0,19,29,10416
28520807,54,10546,0,9,37,10546
71611749,22,2807,0,11,18,2807
75360398,30,26039,0,15,105,26039
55056938,55,23435,0,16,45,23435
44842795,37,14322,0,6,136,14322
34952170,40,10911,0,11,69,10911
73231871,46,20099,0,12,5,20099
51054691,47,26039,0,18,67,26039
55713173,45,10025,0,11,63,10025
25115725,50,0,0,10,0,0
33010447,33,0,0,17,0,0
81902220,35,6164,0,7,67,6164
33365188,35,13671,0,19,39,13671
43266921,23,8989,0,17,30,8989
13073570,44,8333,0,13,42,8333
69383958,29,14322,0,11,29,14322
43294072,33,19594,0,10,138,19594
72377102,48,0,0,16,0,0
95863813,49,8218,0,14,37,8218
14472612,48,13671,0,11,1,13671
5026765,24,0,0,14,0,0
6855480,30,0,0,11,0,0
48837268,28,0,0,16,0,0
34856222,52,5048,0,9,16,5048
36413755,23,4006,0,10,29,4006
81354049,46,3792,0,9,7,3792
45822824,21,18878,0,16,69,18878
40529559,34,13280,0,6,5,13280
25233722,25,11198,0,13,21,11198
63335114,40,0,0,7,0,0
34841197,25,0,0,9,0,0
56717149,29,0,0,17,0,0
29203271,54,0,0,12,0,0
68182480,37,6652,0,17,22,6652
86532498,52,5743,0,7,41,5743
4323188,52,12442,0,16,46,12442
56769885,26,0,0,12,0,0
31161674,45,0,0,6,0,0
29380580,25,12730,0,20,33,12730
79344542,38,17707,0,13,88,17707
57456248,24,6677,0,20,17,6677
17339155,30,10911,0,16,40,10911
43720826,28,0,0,12,0,0
65298737,20,12442,0,6,170,12442
66382106,30,27341,0,15,111,27341
59232844,40,5393,0,11,32,5393
21508251,46,0,0,17,0,0
99714179,45,3620,0,6,41,3620
87662284,54,14322,0,20,37,14322
39183727,41,15624,0,7,45,15624
32385973,37,4315,0,16,16,4315
43678863,55,3775,0,5,119,3775
22105637,52,10528,0,12,0,10528
36380026,45,6677,0,20,17,6677
67151665,42,18227,0,15,47,18227
50026440,42,0,0,15,0,0
91535909,26,12499,0,10,90,12499
6047155,55,16405,0,10,92,16405
24350163,30,17576,0,18,54,17576
64910002,30,8593,0,12,9,8593
41493277,22,20180,0,19,57,20180
26521696,54,0,0,14,0,0
25408791,34,10155,0,12,57,10155
38070491,31,10720,0,6,57,10720
99158153,45,10936,0,16,40,10936
47962198,41,14405,0,17,48,14405
65242512,21,7448,0,10,50,7448
82053425,37,22133,0,10,94,22133
33751453,23,0,0,17,0,0
38379930,27,11772,0,19,33,11772
94915977,35,0,0,8,0,0
79203262,31,9759,0,8,61,9759
89100915,37,9380,0,18,29,9380
36499619,55,22784,0,12,127,22784
65636644,32,19529,0,8,49,19529
34316702,48,0,0,9,0,0
93924272,50,0,0,12,0,0
79506133,31,28643,0,19,29,28643
92162509,26,14973,0,15,45,14973
35886183,44,4417,0,11,28,4417
94122389,49,0,0,6,0,0
84078513,32,0,0,20,0,0
89823693,54,0,0,16,0,0
15821503,33,5650,0,7,62,5650
85523146,32,0,0,11,0,0
97754963,37,11485,0,9,42,11485
66761122,34,13345,0,14,60,13345
5897686,37,0,0,7,0,0
89789522,47,19529,0,11,113,19529
68290003,43,9569,0,9,73,9569
54663237,43,13280,0,12,74,13280
19343188,45,26690,0,18,39,26690
64710859,39,9114,0,16,34,9114
96192664,54,0,0,11,0,0
91702076,34,5934,0,13,30,5934
11947368,27,0,0,13,0,0
82044444,21,0,0,10,0,0
39213591,38,20506,0,12,56,20506
82965527,38,0,0,11,0,0
91754706,40,5729,0,11,36,5729
79872795,29,2157,0,6,30,2157
53731745,32,0,0,19,0,0
25715255,40,8475,0,6,116,8475
22415070,37,7486,0,9,57,7486
78118505,25,20099,0,18,42,20099
33904017,45,0,0,16,0,0
52074708,31,0,0,19,0,0
877229,39,27341,0,19,32,27341
75985229,23,0,0,14,0,0
4262945,35,0,0,13,0,0
23308898,48,17316,0,5,12,17316
73677336,23,4854,0,12,27,4854
26625788,48,17576,0,11,111,17576
44348795,30,6934,0,8,62,6934
45449154,22,13215,0,10,54,13215
46820031,30,3694,0,7,43,3694
14953202,53,15074,0,14,68,15074
36063566,36,0,0,17,0,0
82687644,28,23435,0,11,81,23435
33316806,54,0,0,18,0,0
79606545,25,24737,0,6,73,24737
99613247,48,0,0,8,0,0
8716605,29,0,0,6,0,0
63661417,38,0,0,8,0,0
45012609,47,1477,0,12,8,1477
68912424,24,5294,0,14,24,5294
89300260,41,11557,0,6,163,11557
25884388,34,19139,0,18,59,19139
11175436,31,0,0,17,0,0
33654748,54,0,0,10,0,0
64102596,43,12369,0,16,38,12369
4247504,31,2093,0,15,8,2093
78417673,51,6700,0,9,42,6700
77440268,26,27341,0,5,61,27341
34704382,24,3324,0,15,13,3324
96379691,41,7910,0,11,50,7910
80595248,43,0,0,6,0,0
55446208,31,4135,0,16,15,4135
25385119,29,0,0,20,0,0
30452799,21,0,0,17,0,0
83716241,49,0,0,14,0,0
43429773,20,2462,0,8,22,2462
29512226,48,7083,0,13,32,7083
9110075,32,17576,0,15,71,17576
12629573,22,11327,0,9,53,11327
77400575,23,14322,0,16,53,14322
25583844,50,0,0,6,0,0
55546524,53,14061,0,7,151,14061
70808486,50,11557,0,9,88,11557
62766388,21,13400,0,7,27,13400
92743084,52,13671,0,10,99,13671
96855040,27,4469,0,20,2,4469
28145928,35,7178,0,13,36,7178
3696710,39,1601,0,19,5,1601
33861472,27,17576,0,14,79,17576
88868548,23,10416,0,17,35,10416
89773697,49,17186,0,11,306,17186
43234279,23,0,0,12,0,0
11297985,24,0,0,18,0,0
83934159,47,8989,0,20,23,8989
50604407,31,15624,0,15,63,15624
1135372,34,7031,0,19,20,7031
95668503,31,0,0,8,0,0
76110347,44,0,0,15,0,0
23085274,22,2260,0,13,11,2260
52423966,53,4555,0,20,0,4555
20223400,29,0,0,12,0,0
16617257,27,0,0,9,0,0
74001728,22,0,0,9,0,0
77799441,37,15624,0,19,44,15624
44514537,46,0,0,12,0,0
29748893,43,18227,0,11,115,18227
48963424,54,10528,0,14,47,10528
91368943,39,27992,0,11,42,27992
86163604,33,6126,0,13,31,6126
66385343,28,0,0,9,0,0
38682162,53,9374,0,11,29,9374
96145592,33,14835,0,16,55,14835
64522484,47,24086,0,9,112,24086
63165621,25,0,0,15,0,0
92620477,34,15792,0,7,156,15792
8765795,32,1822,0,17,6,1822
66482030,49,12304,0,10,46,12304
37779504,52,11457,0,10,83,11457
85951944,43,0,0,11,0,0
84644391,28,8593,0,16,32,8593
47435794,33,2241,0,7,24,2241
82290265,22,14842,0,10,161,14842
34786466,54,12694,0,10,148,12694
42783900,42,3016,0,13,15,3016
23762399,36,0,0,13,0,0
80505717,33,0,0,11,0,0
22014863,53,11067,0,18,34,11067
49873739,26,11043,0,18,34,11043
88600533,27,19594,0,11,82,19594
60109673,45,15624,0,11,99,15624
17257177,27,4315,0,8,5,4315
53106568,45,10936,0,16,16,10936
63451697,45,13878,0,6,130,13878
76682278,40,17772,0,8,23,17772
71915551,30,7178,0,20,19,7178
15097246,51,9246,0,16,34,9246
32825962,25,0,0,19,0,0
69518748,50,15624,0,8,44,15624
96094813,40,4469,0,19,13,4469
96756915,26,28643,0,10,35,28643
34598253,40,9763,0,18,30,9763
21327972,30,0,0,16,0,0
92117536,33,24086,0,8,26,24086
70454369,23,9114,0,12,51,9114
64879519,53,8593,0,13,43,8593
49830799,35,7705,0,11,49,7705
46973250,32,0,0,10,0,0
88772059,34,26039,0,6,78,26039
80945367,28,13671,0,16,50,13671
22304542,40,7657,0,5,134,7657
19253231,45,0,0,8,0,0
8045457,30,6030,0,12,34,6030
19899006,32,0,0,11,0,0
7233885,40,10050,0,8,77,10050
74490916,35,3940,0,8,4,3940
24434130,22,9502,0,18,25,9502
53521110,32,12108,0,11,34,12108
12145383,46,1551,0,17,5,1551
25169632,50,18664,0,14,45,18664
16820163,29,7011,0,9,53,7011
29872178,35,0,0,7,0,0
81877877,21,0,0,19,0,0
13706271,44,0,0,16,0,0
62278823,26,0,0,18,0,0
28175687,31,0,0,5,0,0
32287062,42,12921,0,8,117,12921
63679610,34,4623,0,8,42,4623
85189756,38,13400,0,10,97,13400
78262843,34,0,0,9,0,0
48999353,26,13996,0,13,45,13996
94078832,32,2585,0,7,28,2585
36786365,48,12060,0,15,49,12060
28067662,24,19621,0,13,87,19621
86921936,26,12442,0,11,79,12442
22919250,49,6891,0,18,21,6891
36600868,39,10155,0,11,64,10155
50309077,50,0,0,12,0,0
57665821,46,10936,0,15,40,10936
24186817,41,12442,0,18,38,12442
93245116,41,0,0,15,0,0
32323089,53,5522,0,17,19,5522
60534897,36,6780,0,14,30,6780
20311631,38,5743,0,11,36,5743
37822454,50,12304,0,14,55,12304
28609588,25,5048,0,14,23,5048
58654027,35,16795,0,6,100,16795
6079247,41,16271,0,13,81,16271
20232474,34,0,0,10,0,0
26757786,33,12499,0,18,38,12499
14111938,23,0,0,6,0,0
85370105,20,0,0,11,0,0
918552,49,5393,0,12,30,5393
34249754,34,3706,0,5,65,3706
73837918,26,9045,0,19,26,9045
73918659,50,0,0,10,0,0
43450552,39,14582,0,9,44,14582
34880363,48,3082,0,6,39,3082
41772839,42,0,0,6,0,0
13372884,23,8475,0,17,28,8475
86782502,40,8135,0,8,64,8135
79228238,54,0,0,18,0,0
8621422,30,4802,0,18,15,4802
51025907,44,3792,0,7,41,3792
6287539,33,0,0,16,0,0
36826142,28,1674,0,10,12,1674
5989231,35,15624,0,18,48,15624
14414531,27,0,0,10,0,0
12549092,52,11485,0,19,32,11485
6079555,35,5753,0,13,29,5753
56552527,35,2955,0,14,12,2955
83938757,21,0,0,14,0,0
84875393,30,0,0,6,0,0
52692096,43,0,0,15,0,0
46988365,54,0,0,9,0,0
88295363,23,13671,0,17,46,13671
72375754,36,0,0,15,0,0
58889322,21,4006,0,17,13,4006
30917521,47,7486,0,15,1,7486
83140052,41,5650,0,17,19,5650
39641883,37,16405,0,19,46,16405
84754773,34,5522,0,12,31,5522
33522980,30,0,0,17,0,0
7014468,20,19529,0,16,72,19529
30101602,39,8614,0,13,43,8614
27620188,26,0,0,19,0,0
664246,32,0,0,6,0,0
87923002,23,4674,0,8,42,4674
28891786,55,2955,0,17,10,2955
56415238,39,1428,0,18,4,1428
68668818,21,0,0,10,0,0
51954266,26,0,0,7,0,0
6582350,32,0,0,14,0,0
59407003,35,18683,0,6,19,18683
13287497,54,0,0,9,0,0
25254931,40,1699,0,14,8,1699
5628905,33,2672,0,19,8,2672
66598672,28,4006,0,15,16,4006
36407586,53,0,0,13,0,0
4003302,47,4880,0,10,35,4880
14629789,44,13020,0,16,48,13020
47155895,30,3570,0,11,23,3570
42644030,53,15233,0,8,108,15233
91955328,31,5025,0,17,17,5025
87716583,38,12108,0,9,81,12108
71112304,27,8710,0,11,55,8710
62576689,36,0,0,11,0,0
20383035,30,10741,0,13,54,10741
56326655,42,2844,0,8,26,2844
28432144,41,10528,0,15,43,10528
10675326,21,8040,0,15,33,8040
75323505,38,0,0,16,0,0
17240266,32,3078,0,12,17,3078
27490945,27,15314,0,13,76,15314
19663584,45,6891,0,7,76,6891
59235443,37,3792,0,7,41,3792
95698117,22,19594,0,12,62,19594
83636780,48,2832,0,20,216,2832
23710798,49,0,0,19,0,0
66606697,38,7730,0,15,63,7730
87564508,33,0,0,11,0,0
57543060,32,0,0,11,0,0
80525041,21,24737,0,20,64,24737
2658580,22,5650,0,8,51,5650
54551445,53,2733,0,5,48,2733
41611238,29,13671,0,11,9,13671
92878751,50,0,0,12,0,0
23694342,28,12889,0,9,98,12889
36249886,38,11457,0,8,103,11457
5905835,42,12347,0,8,111,12347
23008647,20,11485,0,13,14,11485
12966590,53,0,0,11,0,0
72028706,36,2659,0,11,17,2659
59079617,40,0,0,19,0,0
22708901,54,0,0,12,0,0
43710118,55,18185,0,20,86,18185
81768421,52,29294,0,11,139,29294
42015042,41,7083,0,15,29,7083
47670156,52,20578,0,8,29,20578
85241800,48,2585,0,7,28,2585
46397150,31,0,0,5,0,0
32998828,49,1724,0,11,11,1724
94515970,23,16271,0,19,46,16271
11241055,48,12304,0,13,25,12304
61473002,52,19139,0,15,72,19139
92547427,21,9765,0,12,38,9765
15428398,36,12921,0,16,48,12921
99562645,43,2462,0,17,8,2462
78949774,52,16271,0,12,146,16271
72704210,39,0,0,19,0,0
46214435,39,0,0,18,0,0
14325231,43,3698,0,10,27,3698
28431787,43,10481,0,16,39,10481
9180299,26,8989,0,16,33,8989
31670218,45,11392,0,16,42,11392
79826535,41,25388,0,10,8,25388
26893134,36,0,0,8,0,0
76665880,48,27341,0,12,76,27341
84748170,31,23435,0,12,131,23435
62455534,23,9374,0,18,29,9374
54752425,51,0,0,11,0,0
62524665,39,26039,0,8,56,26039
78168261,29,4777,0,6,65,4777
79619697,31,5907,0,15,24,5907
73496369,47,0,0,15,0,0
97349950,40,15624,0,17,52,15624
41575580,48,0,0,5,0,0
85612128,27,19142,0,13,66,19142
36797577,54,15949,0,11,70,15949
26850179,21,18878,0,7,56,18878
15683983,48,0,0,12,0,0
84247947,38,0,0,5,0,0
26489697,33,5933,0,6,80,5933
7963018,42,0,0,6,0,0
5200265,23,8853,0,13,44,8853
21958984,26,0,0,11,0,0
55224992,26,8732,0,5,194,8732
94174094,43,6030,0,14,27,6030
75741705,35,0,0,18,0,0
70180535,23,20050,0,8,177,20050
84746258,43,0,0,16,0,0
37420959,47,21482,0,19,61,21482
58255338,27,3817,0,9,29,3817
15587714,21,0,0,8,0,0
42062553,54,1083,0,8,63,1083
14787361,36,28643,0,17,96,28643
25820596,23,3250,0,8,29,3250
41779183,46,0,0,14,0,0
43378213,48,0,0,6,0,0
64465495,55,2157,0,8,20,2157
27815791,24,0,0,15,0,0
86477940,32,2438,0,7,27,2438
96130108,21,9765,0,19,28,9765
19787866,34,4211,0,6,72,4211
43691629,48,10936,0,18,34,10936
62324718,38,1724,0,12,6,1724
58290183,39,9715,0,18,15,9715
80535625,39,20506,0,7,214,20506
11744603,41,0,0,9,0,0
8981065,42,16275,0,11,90,16275
54814222,22,24086,0,5,89,24086
45183404,52,2807,0,14,13,2807
42574734,52,0,0,19,0,0
59460662,51,16860,0,11,106,16860
81961779,27,12347,0,5,165,12347
29912297,33,3103,0,10,4,3103
54742466,22,8375,0,10,72,8375
47406584,36,4802,0,16,18,4802
23967298,43,8137,0,13,35,8137
5584459,34,9763,0,9,23,9763
65796342,24,4494,0,16,17,4494
8279337,26,0,0,12,0,0
17087093,21,0,0,11,0,0
25242112,41,0,0,8,0,0
94155429,44,20578,0,18,57,20578
27647840,50,0,0,14,0,0
41353658,20,11772,0,6,123,11772
28395348,46,0,0,15,0,0
74377484,42,3596,0,13,18,3596
19405892,22,6835,0,10,24,6835
92402670,26,14070,0,19,40,14070
19437929,32,0,0,13,0,0
87352956,36,0,0,12,0,0
53143700,39,10936,0,16,40,10936
40188953,22,10050,0,7,109,10050
13810594,52,0,0,15,0,0
45985689,36,20180,0,18,180,20180
78645543,52,14452,0,8,23,14452
20389307,31,15792,0,13,79,15792
27631731,29,4777,0,7,37,4777
86985329,38,16405,0,11,52,16405
51735660,34,10416,0,13,52,10416
93790216,41,0,0,6,0,0
75961426,51,12921,0,15,52,12921
55996043,20,10016,0,8,82,10016
73409795,32,24086,0,7,66,24086
7682557,34,12304,0,8,76,12304
52490509,41,0,0,8,0,0
43036181,25,0,0,11,0,0
77882862,30,16014,0,6,146,16014
66748556,24,12395,0,15,50,12395
98967649,21,10385,0,13,52,10385
19275217,42,19142,0,15,7,19142
20362622,34,14405,0,9,109,14405
44849773,47,0,0,7,0,0
50597310,42,1231,0,7,3,1231
73143460,45,0,0,16,0,0
46928509,44,0,0,8,0,0
55169352,34,0,0,18,0,0
22254800,27,0,0,5,0,0
26773931,40,13671,0,14,61,13671
74679855,54,0,0,5,0,0
31171105,26,21482,0,8,115,21482
88336699,32,10155,0,13,51,10155
12127316,25,7371,0,17,25,7371
34400955,21,17576,0,18,54,17576
46323435,51,3596,0,16,13,3596
88859811,34,0,0,11,0,0
51966024,50,21482,0,7,68,21482
20013789,24,12759,0,15,52,12759
841792,54,0,0,8,0,0
97331052,23,3447,0,16,13,3447
42162923,35,0,0,6,0,0
42450959,44,0,0,16,0,0
59242118,53,7291,0,19,21,7291
86935420,23,0,0,17,0,0
11669054,41,0,0,8,0,0
65190591,46,0,0,7,0,0
25487502,46,0,0,13,0,0
6638061,28,0,0,17,0,0
14495749,27,17772,0,8,282,17772
47913077,43,0,0,10,0,0
43573723,29,9895,0,19,28,9895
52788557,32,10337,0,12,58,10337
58111038,41,0,0,17,0,0
8651141,40,10546,0,11,82,10546
42700457,49,5468,0,12,31,5468
48928264,27,0,0,6,0,0
2089061,49,16860,0,13,69,16860
28572635,25,0,0,12,0,0
74637207,29,6939,0,7,76,6939
35588626,25,0,0,13,0,0
62457827,39,19142,0,9,3,19142
9433260,54,18878,0,16,137,18878
56941417,41,6249,0,9,47,6249
22618325,30,22133,0,15,69,22133
56596858,46,3981,0,11,25,3981
24688446,35,2512,0,12,14,2512
72227723,30,14973,0,19,38,14973
28851478,45,13215,0,5,31,13215
34565479,38,4135,0,14,16,4135
13413286,36,13996,0,10,64,13996
87339775,47,0,0,19,0,0
56447444,34,0,0,13,0,0
63360826,32,13020,0,18,40,13020
89485806,33,9502,0,18,29,9502
53359094,53,14973,0,18,29,14973
26782237,42,24737,0,12,53,24737
5954188,38,2364,0,18,7,2364
27133292,31,0,0,15,0,0
22430770,40,13671,0,19,39,13671
88696865,26,10787,0,17,11,10787
15431610,38,0,0,16,0,0
23536666,29,17707,0,19,50,17707
98273601,47,0,0,7,0,0
50297676,47,3596,0,12,20,3596
49255738,24,4469,0,8,40,4469
17809619,23,0,0,15,0,0
66231336,53,19142,0,9,47,19142
40457736,37,8901,0,17,30,8901
85438855,51,5753,0,15,23,5753
18385378,48,13020,0,10,16,13020
75648756,44,8218,0,16,30,8218
25950477,29,15624,0,19,44,15624
64783279,38,8614,0,13,43,8614
92226874,50,0,0,5,0,0
82253773,21,12108,0,11,67,12108
77076152,23,11197,0,17,38,11197
85084401,21,12921,0,7,97,12921
91715001,30,4494,0,8,40,4494
60059829,46,6164,0,20,16,6164
77580617,26,10911,0,14,49,10911
13554670,53,9246,0,11,51,9246
92906899,52,13400,0,19,38,13400
58294483,46,10155,0,11,10,10155
95023339,24,11718,0,7,10,11718
43886585,50,13671,0,12,31,13671
84594552,34,0,0,10,0,0
94907218,35,11300,0,17,38,11300
63286008,36,18227,0,14,82,18227
53484301,40,2659,0,11,17,2659
45767672,35,0,0,8,0,0
84967935,44,13020,0,19,31,13020
12731290,20,14322,0,18,44,14322
72723365,44,5753,0,17,19,5753
40977420,42,0,0,8,0,0
46687278,52,18227,0,8,77,18227
14681,34,0,0,10,0,0
59260901,38,0,0,18,0,0
49317605,54,27341,0,18,33,27341
20388469,28,0,0,14,0,0
34374558,21,13400,0,11,85,13400
74717981,47,6604,0,9,23,6604
61821669,40,0,0,7,0,0
3654745,36,1847,0,10,13,1847
51306494,44,12442,0,11,85,12442
35273348,54,0,0,6,0,0
68692483,29,8327,0,16,31,8327
75103010,44,13671,0,11,86,13671
99578257,26,5779,0,7,63,5779
24592364,32,22784,0,11,75,22784
88428883,38,15233,0,19,35,15233
35398201,41,3792,0,14,17,3792
43530188,30,0,0,10,0,0
22579695,47,7486,0,14,34,7486
49155395,22,15624,0,8,45,15624
87030638,35,3852,0,17,13,3852
67493234,51,0,0,15,0,0
54040092,36,9246,0,15,37,9246
5574578,47,14973,0,18,142,14973
38629237,37,14061,0,15,57,14061
6816711,39,13671,0,7,70,13671
81080754,26,0,0,17,0,0
91501771,47,8593,0,10,62,8593
11806472,26,10741,0,15,43,10741
96934912,38,21482,0,12,57,21482
48284665,26,0,0,9,0,0
77100000,43,2241,0,17,8,2241
46068016,54,0,0,20,0,0
35412047,22,2068,0,15,8,2068
89472436,35,5540,0,18,17,5540
18427532,24,6835,0,11,43,6835
90911174,39,8231,0,15,33,8231
4068484,29,1724,0,11,11,1724
26109042,37,0,0,15,0,0
98660196,30,7961,0,12,44,7961
40426681,38,3817,0,17,13,3817
79684845,24,2019,0,8,18,2019
98363826,36,5171,0,8,47,5171
93326384,40,0,0,14,0,0
62321178,41,0,0,9,0,0
43740966,46,0,0,19,0,0
84702919,28,2438,0,15,10,2438
26710820,51,16405,0,12,80,16405
52675402,20,6292,0,12,35,6292
45666638,52,0,0,16,0,0
82943734,52,6770,0,7,119,6770
13868536,29,9715,0,6,51,9715
40506859,24,0,0,9,0,0
11727702,26,13671,0,13,75,13671
43872904,21,0,0,14,0,0
20089631,35,0,0,18,0,0
25849688,30,6510,0,11,41,6510
97086264,36,9374,0,14,42,9374
49654675,33,3447,0,17,12,3447
76305086,32,0,0,12,0,0
24028072,42,0,0,8,0,0
27122110,31,15493,0,14,69,15493
38176176,47,0,0,12,0,0
9632250,47,13671,0,7,69,13671
23239179,55,5393,0,13,27,5393
43681445,45,16014,0,12,77,16014
77437919,50,0,0,10,0,0
11078971,43,7730,0,9,59,7730
14822239,37,0,0,7,0,0
40938775,25,26039,0,6,129,26039
65151707,36,3533,0,20,9,3533
42334563,53,0,0,6,0,0
21263023,23,12060,0,20,31,12060
32161636,44,0,0,20,0,0
40345636,32,7910,0,10,57,7910
97565725,46,0,0,16,0,0
23393450,46,9765,0,10,70,9765
23273243,26,4469,0,19,13,4469
21607572,44,2216,0,11,145,2216
27401617,33,2807,0,8,25,2807
85815258,49,13400,0,13,64,13400
16519717,40,4135,0,10,30,4135
91232770,39,4751,0,7,52,4751
4338661,32,12634,0,12,71,12634
51902448,46,0,0,14,0,0
54602738,34,0,0,17,0,0
65313499,34,19529,0,20,10,19529
48454120,29,1773,0,18,5,1773
38852604,38,0,0,20,0,0
71176604,35,9810,0,9,74,9810
89166115,40,1551,0,6,21,1551
95325976,35,0,0,10,0,0
84012912,25,17772,0,6,35,17772
88345822,31,21482,0,19,60,21482
22874824,35,18664,0,11,126,18664
36376089,33,3447,0,18,11,3447
19143389,41,0,0,11,0,0
23564601,54,17576,0,10,53,17576
53814625,21,21056,0,8,131,21056
80342134,45,8593,0,6,116,8593
25084272,26,4063,0,19,11,4063
78156503,27,26690,0,12,161,26690
57858905,27,9439,0,6,40,9439
49184228,47,1625,0,9,12,1625
98765470,24,4432,0,6,60,4432
55432828,52,0,0,12,0,0
42425672,39,7812,0,14,35,7812
68392917,45,13280,0,12,74,13280
18383745,32,13280,0,8,2,13280
60812279,43,11964,0,16,12,11964
72112550,44,0,0,10,0,0
13548598,40,5171,0,16,19,5171
78311379,41,6164,0,6,80,6164
45816378,37,6112,0,8,55,6112
97855838,47,9114,0,8,82,9114
80289327,28,2413,0,17,8,2413
59556482,54,16405,0,8,44,16405
72855665,45,2876,0,13,5,2876
62986431,53,5907,0,7,33,5907
81674358,52,14973,0,17,28,14973
99550982,20,0,0,16,0,0
96379098,23,12889,0,6,116,12889
6887438,43,0,0,9,0,0
78684066,49,2930,0,8,26,2930
1859005,47,5743,0,18,18,5743
24151793,44,9715,0,14,23,9715
48917074,47,5393,0,18,17,5393
87457145,45,7031,0,10,37,7031
92373737,50,12921,0,7,52,12921
90618410,33,18227,0,19,51,18227
90760983,52,0,0,10,0,0
64260993,50,0,0,20,0,0
83051565,30,0,0,19,0,0
79221708,21,5393,0,6,5,5393
41284292,28,1810,0,8,16,1810
75686237,43,7191,0,13,36,7191
66482609,45,0,0,19,0,0
10532176,29,21482,0,14,96,21482
49622597,23,10676,0,14,48,10676
83364393,26,13671,0,19,39,13671
33167949,30,15074,0,8,111,15074
76020198,36,10416,0,19,29,10416
1741317,49,4186,0,16,15,4186
80605457,50,27992,0,5,128,27992
1173623,53,14452,0,10,100,14452
6317835,20,3817,0,7,31,3817
34182661,28,9114,0,9,25,9114
3899775,45,2290,0,19,6,2290
60073523,41,5294,0,9,40,5294
49090366,40,10050,0,7,55,10050
53912390,39,2832,0,20,7,2832
40054691,36,14835,0,5,150,14835
88026238,33,0,0,13,0,0
46553331,41,12499,0,17,18,12499
63725581,33,6318,0,17,21,6318
78493595,33,10936,0,16,41,10936
88189569,51,20506,0,13,64,20506
59427317,44,10481,0,9,34,10481
13806048,25,19594,0,14,27,19594
90052855,40,22784,0,9,56,22784
9936798,53,7291,0,15,30,7291
23351347,30,0,0,15,0,0
13659766,38,11772,0,14,53,11772
11141950,35,24737,0,14,49,24737
23597523,41,16405,0,13,82,16405
8940298,31,14126,0,12,30,14126
56627940,24,0,0,17,0,0
7654375,25,4109,0,9,31,4109
27683859,38,10050,0,9,60,10050
54295859,23,0,0,17,0,0
36496483,49,0,0,12,0,0
6210256,25,13996,0,10,65,13996
20597436,51,4751,0,8,43,4751
58540182,44,3775,0,9,29,3775
70653722,45,2671,0,12,15,2671
4148322,27,4161,0,17,14,4161
48466681,39,2568,0,19,7,2568
45821123,39,0,0,6,0,0
40233757,51,0,0,8,0,0
36832293,38,13280,0,18,28,13280
49994817,32,12347,0,18,38,12347
5591381,42,7370,0,9,46,7370
60472107,46,3082,0,9,23,3082
90017879,33,12043,0,13,60,12043
98730500,48,19529,0,16,36,19529
66368927,29,6831,0,10,34,6831
33033917,36,8040,0,18,25,8040
26730778,46,3236,0,8,25,3236
35098057,46,13671,0,8,123,13671
33186636,47,0,0,7,0,0
28001900,39,4854,0,6,66,4854
20224757,49,0,0,14,0,0
74916421,33,1982,0,12,11,1982
46306666,23,0,0,8,0,0
3970595,23,18227,0,7,239,18227
56198183,21,5168,0,17,17,5168
88317342,28,0,0,18,0,0
37381960,43,16795,0,17,112,16795
16408858,20,13280,0,13,66,13280
37480677,33,20506,0,6,117,20506
63634899,48,19139,0,15,78,19139
31613408,50,0,0,9,0,0
88853191,38,5294,0,9,40,5294
9730807,41,3694,0,9,28,3694
10803730,33,23435,0,19,30,23435
46263705,25,0,0,10,0,0
13790185,40,13671,0,18,41,13671
33958608,22,21482,0,7,234,21482
56335530,34,9765,0,19,28,9765
30087199,31,0,0,14,0,0
67793469,48,0,0,12,0,0
86991738,46,10787,0,9,45,10787
54956944,33,0,0,20,0,0
55709267,48,16014,0,12,90,16014
60596996,33,0,0,13,0,0
27112797,31,2647,0,13,13,2647
20254291,33,10911,0,11,69,10911
60284811,27,7035,0,10,51,7035
95314459,48,0,0,10,0,0
68849298,31,4925,0,14,22,4925
99336746,53,2465,0,9,19,2465
61369677,40,27341,0,16,56,27341
58508266,33,2832,0,8,25,2832
83303261,34,20099,0,14,53,20099
7701655,22,0,0,15,0,0
91345207,38,12395,0,19,35,12395
38393288,39,7961,0,6,105,7961
97482001,43,24086,0,9,183,24086
61572594,37,0,0,10,0,0
85290118,35,0,0,11,0,0
92121714,41,0,0,9,0,0
15981183,28,17772,0,10,99,17772
44570870,30,6677,0,15,27,6677
5323561,55,0,0,6,0,0
51066700,25,13735,0,17,46,13735
5451864,54,7812,0,19,10,7812
82804168,54,0,0,7,0,0
51648733,26,20099,0,14,44,20099
87484658,47,20578,0,12,96,20578
76890272,24,0,0,6,0,0
18678444,43,0,0,16,0,0
97019979,42,13671,0,14,54,13671
62268405,20,20050,0,8,103,20050
47275501,22,13671,0,19,39,13671
8687391,21,16925,0,5,134,16925
9182816,35,0,0,5,0,0
60823368,44,12921,0,11,79,12921
27364456,31,26690,0,18,82,26690
33297848,34,0,0,12,0,0
14562170,22,10025,0,5,104,10025
91276662,48,12395,0,14,56,12395
89279934,32,0,0,11,0,0
47976993,33,2807,0,8,25,2807
54722693,25,0,0,13,0,0
52681964,22,1551,0,9,12,1551
36073442,37,10416,0,11,66,10416
80909433,35,0,0,19,0,0
52504752,20,20831,0,18,64,20831
1535644,39,22133,0,6,124,22133
53408726,35,0,0,12,0,0
11628604,32,0,0,5,0,0
51725169,40,0,0,5,0,0
26138341,37,6472,0,11,41,6472
98343749,53,7161,0,19,0,7161
67612046,52,0,0,8,0,0
72641791,23,18878,0,12,59,18878
81492660,34,26690,0,9,203,26690
50846782,30,0,0,8,0,0
18342106,52,7291,0,12,41,7291
7924303,20,2953,0,14,13,2953
10404686,21,4432,0,12,25,4432
55547744,52,4469,0,7,49,4469
30731975,53,11718,0,19,33,11718
35772363,27,0,0,16,0,0
97474750,40,0,0,13,0,0
45037771,50,19139,0,19,54,19139
87000754,21,5907,0,16,22,5907
7115216,34,13020,0,15,53,13020
62630074,26,9569,0,8,64,9569
77467207,27,0,0,17,0,0
67784957,47,0,0,16,0,0
19920197,49,0,0,19,0,0
98316418,33,11392,0,7,29,11392
48104714,39,28643,0,9,74,28643
47025308,35,13671,0,10,99,13671
529173,28,3940,0,17,13,3940
51665825,28,27341,0,19,77,27341
51053723,22,0,0,7,0,0
59879607,35,26690,0,18,82,26690
42283549,43,3210,0,14,14,3210
22529772,50,0,0,11,0,0
19974639,46,26039,0,11,162,26039
38130980,43,0,0,8,0,0
75842920,25,0,0,12,0,0
75579772,22,0,0,10,0,0
82691012,43,12108,0,12,43,12108
33750070,28,17576,0,11,111,17576
12481346,35,11392,0,16,42,11392
52739144,28,0,0,9,0,0
49294805,30,15624,0,10,88,15624
95002181,46,12499,0,17,42,12499
67583937,27,0,0,16,0,0
54673301,54,3103,0,14,14,3103
87816443,31,5171,0,9,39,5171
5843472,35,22133,0,18,68,22133
56875349,47,5729,0,12,32,5729
84247995,54,5650,0,12,8,5650
78816551,38,18878,0,8,103,18878
13477190,26,7011,0,6,95,7011
30327995,32,0,0,17,0,0
32486598,38,4623,0,11,27,4623
33723223,22,0,0,8,0,0
80335502,21,14647,0,7,159,14647
74768941,41,0,0,13,0,0
98002674,22,14452,0,13,57,14452
91280140,45,0,0,10,0,0
18456979,54,8202,0,11,124,8202
75970161,26,10416,0,19,29,10416
56434517,54,14126,0,15,57,14126
6110765,34,0,0,12,0,0
33730560,48,17707,0,7,143,17707
55088365,33,0,0,19,0,0
11105688,52,0,0,14,0,0
5023830,53,17186,0,10,73,17186
23724716,48,6677,0,15,8,6677
66503806,46,8137,0,6,61,8137
66036374,22,24086,0,10,122,24086
41035580,32,0,0,6,0,0
40652357,30,0,0,9,0,0
56118120,48,22784,0,12,15,22784
95967685,47,10936,0,20,28,10936
10445361,23,1970,0,15,8,1970
73827187,35,8202,0,14,5,8202
4427408,36,26690,0,12,2,26690
25946288,40,12060,0,7,42,12060
99535353,40,1083,0,9,8,1083
86157760,49,12060,0,11,76,12060
69945555,24,2401,0,8,22,2401
23774614,33,3817,0,20,10,3817
97126047,55,0,0,7,0,0
49059285,38,5208,0,15,21,5208
26746883,26,22133,0,12,95,22133
88179584,28,2585,0,8,23,2585
99821985,37,4135,0,14,19,4135
70309181,28,0,0,11,0,0
84963900,47,0,0,17,0,0
23623270,22,0,0,10,0,0
63943135,48,13671,0,19,39,13671
65263981,28,5729,0,5,100,5729
18132355,27,9114,0,13,45,9114
58981754,27,0,0,15,0,0
7566442,25,7011,0,8,63,7011
27063906,22,2832,0,12,16,2832
7729327,22,0,0,13,0,0
64284062,25,14070,0,17,47,14070
71591894,55,10016,0,9,29,10016
17898307,36,0,0,19,0,0
2239367,45,23435,0,10,35,23435
68922936,48,21482,0,9,40,21482
17092269,30,4786,0,10,35,4786
27365741,22,10676,0,12,60,10676
30759608,38,8327,0,13,42,8327
41548675,51,16749,0,17,56,16749
80566484,49,0,0,13,0,0
58385374,46,5213,0,13,26,5213
86440092,25,5048,0,20,13,5048
92656461,55,26690,0,16,8,26690
60736326,54,3570,0,12,20,3570
6326121,27,22784,0,17,76,22784
60151982,50,0,0,6,0,0
70917958,32,3029,0,19,9,3029
873358,21,22784,0,15,92,22784
65218719,25,2167,0,12,12,2167
43983699,53,2327,0,16,9,2327
95969913,49,0,0,14,0,0
49948815,25,0,0,14,0,0
5695718,44,0,0,13,0,0
2028736,33,13878,0,17,4,13878
22909883,25,5989,0,14,27,5989
81323939,23,14842,0,17,50,14842
36720088,50,29294,0,8,94,29294
40032926,43,7191,0,17,24,7191
52046972,48,0,0,15,0,0
8448777,27,14452,0,13,72,14452
68068489,33,6770,0,18,21,6770
84405823,31,15624,0,16,57,15624
90466708,32,0,0,8,0,0
83770980,29,0,0,15,0,0
18654444,24,18185,0,9,56,18185
36220699,37,11848,0,5,165,11848
18194685,41,2167,0,6,1,2167
44509649,29,13671,0,16,50,13671
61251452,33,0,0,17,0,0
52668972,21,20831,0,19,32,20831
52264868,31,7753,0,15,31,7753
21949088,45,0,0,13,0,0
90811912,23,10530,0,6,15,10530
89307023,34,2774,0,6,17,2774
61299786,50,6010,0,10,43,6010
72473900,50,19529,0,13,97,19529
12036587,22,0,0,19,0,0
53161486,43,5503,0,9,42,5503
53868719,30,19594,0,12,32,19594
6738699,44,14973,0,11,94,14973
38839610,50,15493,0,6,49,15493
1278556,32,11457,0,13,30,11457
66008603,40,0,0,18,0,0
56284691,43,10025,0,19,28,10025
11297284,32,4417,0,10,32,4417
9921669,34,7812,0,5,54,7812
52832419,40,10050,0,18,31,10050
47227088,22,6510,0,7,71,6510
37759500,29,7705,0,13,38,7705
26083211,34,0,0,16,0,0
59626000,37,10530,0,8,80,10530
94100715,36,9114,0,18,28,9114
26490371,25,0,0,18,0,0
90721070,34,27341,0,20,35,27341
16070556,23,0,0,7,0,0
31815562,42,15624,0,20,41,15624
29172259,43,4161,0,13,21,4161
28981978,48,0,0,15,0,0
92602703,31,17707,0,9,82,17707
29507592,42,0,0,17,0,0
76588444,50,0,0,18,0,0
97782639,45,28643,0,15,74,28643
88689785,32,0,0,9,0,0
2517981,22,9759,0,13,37,9759
80524182,30,11718,0,8,19,11718
49003665,39,20050,0,6,180,20050
60567433,46,0,0,12,0,0
62789413,49,0,0,16,0,0
12925569,30,17228,0,12,18,17228
31874125,41,7896,0,13,39,7896
21601820,36,13671,0,16,50,13671
74653038,46,0,0,8,0,0
79198919,28,9765,0,14,44,9765
51905100,35,12304,0,11,57,12304
31363673,43,2807,0,9,21,2807
12314078,55,7812,0,12,166,7812
97772669,54,0,0,12,0,0
76851946,52,17576,0,10,102,17576
36417679,53,20180,0,20,52,20180
89790535,30,13671,0,13,68,13671
59376322,34,13020,0,12,40,13020
58629120,49,4802,0,11,57,4802
94037952,47,10337,0,13,52,10337
78150210,30,0,0,6,0,0
24717189,21,16014,0,9,122,16014
5894280,23,27992,0,10,33,27992
52913137,36,0,0,17,0,0
36873127,50,0,0,15,0,0
3157329,47,0,0,19,0,0
29832804,28,0,0,12,0,0
20025385,39,14739,0,8,5,14739
96120552,35,15493,0,11,7,15493
74891402,29,0,0,19,0,0
53077628,52,0,0,17,0,0
86273780,37,1699,0,7,18,1699
99038094,34,11848,0,17,32,11848
37053922,27,13215,0,8,165,13215
33701745,27,3185,0,8,29,3185
74239830,21,23435,0,11,80,23435
57002439,41,3390,0,6,46,3390
39789671,49,0,0,16,0,0
95417141,22,0,0,7,0,0
1482315,25,15624,0,7,34,15624
39974471,46,9246,0,11,46,9246
69516736,32,0,0,7,0,0
89108190,35,0,0,17,0,0
68201028,30,13996,0,8,31,13996
54195054,23,0,0,13,0,0
10570376,30,20180,0,19,57,20180
79593486,43,10528,0,5,22,10528
94107857,21,26039,0,9,98,26039
30793083,37,0,0,7,0,0
69791249,39,0,0,8,0,0
44680159,51,0,0,15,0,0
82154365,42,10624,0,18,33,10624
7884992,41,6249,0,12,2,6249
31869019,25,1083,0,6,15,1083
88357642,23,8040,0,19,23,8040
33499554,25,0,0,20,0,0
94020444,43,6510,0,19,18,6510
75681311,44,0,0,11,0,0
3534333,43,11055,0,18,34,11055
2452047,28,0,0,16,0,0
9604223,43,9759,0,13,49,9759
63127829,52,0,0,19,0,0
40113779,48,5208,0,7,31,5208
32468430,27,13215,0,18,38,13215
13197815,55,14647,0,18,97,14647
91349296,33,20831,0,16,77,20831
3580996,47,20831,0,7,77,20831
27573733,39,5034,0,8,41,5034
21553343,34,12347,0,13,47,12347
8791479,36,11848,0,15,48,11848
1148158,45,0,0,6,0,0
98980815,21,0,0,14,0,0
19341178,47,21482,0,16,21,21482
2973776,39,12921,0,13,25,12921
37674072,52,12499,0,17,42,12499
99918310,34,0,0,12,0,0
50247847,42,0,0,10,0,0
87079162,22,0,0,12,0,0
12636633,49,3706,0,19,7,3706
51729779,28,18227,0,18,56,18227
56798882,20,0,0,19,0,0
24968303,23,0,0,12,0,0
6779932,31,13996,0,10,47,13996
48544888,48,16925,0,8,124,16925
53254242,45,22133,0,14,99,22133
33026474,22,0,0,15,0,0
91475346,43,0,0,14,0,0
91541072,27,12730,0,18,39,12730
71817897,31,0,0,13,0,0
88550013,51,22133,0,7,60,22133
79377840,53,17576,0,7,61,17576
49351273,50,20099,0,10,102,20099
24448061,37,15038,0,17,50,15038
32692657,51,2068,0,17,7,2068
67505207,23,17576,0,15,59,17576
75368946,24,18878,0,14,68,18878
87066896,49,0,0,16,0,0
31495185,22,11198,0,10,81,11198
86340108,31,0,0,9,0,0
60314956,35,11772,0,8,28,11772
663855,32,0,0,17,0,0
69691837,25,9332,0,16,34,9332
76270279,45,5701,0,7,63,5701
82227764,45,0,0,20,0,0
73599526,43,14322,0,19,40,14322
39071790,43,3078,0,17,2,3078
32054350,43,1625,0,13,8,1625
71792127,29,15624,0,18,48,15624
15711105,22,18227,0,12,102,18227
62946266,41,0,0,17,0,0
43225512,22,8135,0,5,134,8135
30516920,41,0,0,7,0,0
28871952,49,0,0,7,0,0
16089856,22,0,0,6,0,0
64242933,51,14126,0,13,9,14126
72165075,45,26039,0,5,108,26039
60337117,38,16795,0,12,9,16795
17691904,47,18227,0,16,37,18227
8345971,23,24086,0,8,213,24086
9680443,36,0,0,9,0,0
66061427,46,10090,0,19,28,10090
23557888,55,4432,0,19,13,4432
89973646,31,2413,0,9,18,2413
46650171,27,18878,0,11,33,18878
11241457,51,28643,0,5,104,28643
49162790,38,5701,0,7,62,5701
59645193,50,18683,0,13,93,18683
79859487,30,14126,0,17,43,14126
38867579,26,0,0,13,0,0
2755924,45,15624,0,15,44,15624
68027369,24,2290,0,8,21,2290
57488759,37,11718,0,10,78,11718
2966159,53,0,0,12,0,0
18051883,22,6460,0,8,58,6460
18989000,46,0,0,9,0,0
61099023,22,14835,0,18,46,14835
59620908,33,0,0,16,0,0
18102114,48,9475,0,9,72,9475
99717433,34,17228,0,8,38,17228
91907674,51,9439,0,10,68,9439
29881690,23,11848,0,14,53,11848
6685453,51,18683,0,12,38,18683
96785199,29,0,0,13,0,0
9739501,35,0,0,10,0,0
85532413,53,3620,0,16,0,3620
38439892,42,1330,0,7,14,1330
62768951,24,0,0,10,0,0
27740610,20,12395,0,16,46,12395
6539826,48,17186,0,16,63,17186
43033125,48,0,0,8,0,0
20949672,42,17576,0,15,65,17576
39564677,23,27341,0,15,43,27341
52484436,43,0,0,17,0,0
73965783,48,2953,0,13,15,2953
91134311,30,8218,0,19,23,8218
80061949,52,0,0,8,0,0
72196417,22,13020,0,20,34,13020
75080279,29,1625,0,17,5,1625
1831078,39,6770,0,6,49,6770
2429632,45,8202,0,7,89,8202
8564557,20,5907,0,12,33,5907
8801985,43,0,0,20,0,0
39833528,49,11457,0,13,57,11457
86287914,40,17707,0,6,106,17707
41138169,27,20050,0,10,95,20050
75629732,23,15493,0,18,48,15493
95273620,41,0,0,14,0,0
99660246,27,0,0,18,0,0
76895280,37,8090,0,16,30,8090
34143026,52,0,0,14,0,0
62041626,38,1330,0,13,7,1330
18529664,25,0,0,19,0,0
7879491,28,0,0,18,0,0
53993656,32,13671,0,19,39,13671
35615504,22,0,0,16,0,0
28934323,38,19621,0,11,66,19621
23329747,49,8333,0,10,60,8333
32320716,48,0,0,18,0,0
74800847,20,11392,0,9,45,11392
85207030,38,11485,0,10,83,11485
40072129,36,0,0,9,0,0
6404307,45,10025,0,5,34,10025
32207654,32,0,0,5,0,0
44834682,31,14835,0,7,44,14835
16255347,31,2659,0,8,24,2659
86548179,54,0,0,7,0,0
52190043,27,0,0,18,0,0
70216851,45,8732,0,20,23,8732
38901970,39,12889,0,12,72,12889
41356086,24,0,0,6,0,0
23037030,36,0,0,9,0,0
57195343,23,4469,0,7,45,4469
27356445,28,21535,0,16,79,21535
88862091,52,3447,0,13,17,3447
44690242,31,5034,0,17,17,5034
83241330,33,0,0,10,0,0
6559339,47,3447,0,5,60,3447
98033500,36,2672,0,6,38,2672
46065195,54,14126,0,17,34,14126
66286954,41,20180,0,15,82,20180
24087754,52,0,0,9,0,0
57314179,33,4186,0,9,10,4186
29748242,30,9374,0,15,30,9374
17201009,37,19139,0,19,49,19139
60363895,28,0,0,18,0,0
43164132,33,19529,0,12,11,19529
59687957,28,0,0,13,0,0
95276168,20,0,0,11,0,0
8709611,46,14582,0,8,114,14582
81559540,34,9765,0,17,33,9765
58651422,47,16925,0,6,70,16925
18152315,28,12889,0,16,47,12889
47838365,34,0,0,7,0,0
13491632,22,8202,0,11,44,8202
6170633,31,3324,0,15,13,3324
4924195,25,13345,0,6,223,13345
22951591,37,17772,0,19,51,17772
62674279,44,0,0,7,0,0
77822098,40,13020,0,6,57,13020
99867363,25,0,0,6,0,0
25509202,47,20831,0,13,86,20831
15535639,45,28643,0,12,74,28643
18949425,53,14835,0,11,40,14835
51834712,39,27992,0,8,47,27992
57247856,52,17772,0,13,90,17772
24650039,43,0,0,11,0,0
99411516,46,0,0,13,0,0
49769854,45,8475,0,9,37,8475
52684334,28,0,0,12,0,0
73131093,52,0,0,8,0,0
31262266,39,26690,0,12,30,26690
92748052,28,1921,0,10,14,1921
73014397,23,9475,0,12,53,9475
50351997,49,7705,0,16,33,7705
48528758,53,15233,0,19,43,15233
81755627,46,0,0,15,0,0
50192191,36,16405,0,17,55,16405
90074051,55,8463,0,9,280,8463
18666564,36,14357,0,17,48,14357
52509491,53,0,0,11,0,0
92204920,48,0,0,5,0,0
22614492,40,7178,0,7,61,7178
60698883,46,0,0,7,0,0
10441147,36,3103,0,13,15,3103
45660739,45,0,0,9,0,0
92082079,33,0,0,11,0,0
22024916,48,9114,0,5,123,9114
33019036,37,14582,0,16,54,14582
33917217,39,2709,0,7,29,2709
36065106,51,15233,0,7,29,15233
55771357,48,10546,0,16,39,10546
46723442,40,18664,0,10,51,18664
64573758,32,13020,0,14,58,13020
82388773,51,5171,0,10,275,5171
97196860,53,5208,0,7,57,5208
25220298,48,8732,0,6,118,8732
3407401,51,11725,0,12,66,11725
64057439,32,3817,0,10,27,3817
97444733,41,0,0,8,0,0
36213004,44,8593,0,17,29,8593
46260126,33,0,0,9,0,0
2841409,50,8593,0,19,24,8593
9995042,22,10025,0,12,23,10025
59729119,27,20099,0,13,100,20099
13593907,47,0,0,11,0,0
12685255,32,16925,0,19,28,16925
75606563,28,9439,0,18,26,9439
44792276,41,19594,0,9,58,19594
81425017,24,10155,0,7,55,10155
11095336,21,0,0,15,0,0
45702067,34,20180,0,14,90,20180
38470230,41,0,0,9,0,0
28140106,55,13215,0,7,175,13215
16109939,26,13671,0,14,61,13671
50195200,51,0,0,18,0,0
29316146,40,0,0,9,0,0
31794325,47,0,0,9,0,0
20730611,21,0,0,12,0,0
8387386,51,7730,0,7,84,7730
46445676,21,3698,0,9,28,3698
17842115,54,0,0,17,0,0
91827895,29,10546,0,17,35,10546
6680617,26,6835,0,15,2,6835
93266943,48,2216,0,19,6,2216
64787215,35,27341,0,19,77,27341
74166171,21,8593,0,6,93,8593
7111391,31,16014,0,7,41,16014
2814336,21,0,0,13,0,0
60396691,49,9374,0,18,29,9374
54616560,38,0,0,14,0,0
98995392,45,26690,0,6,149,26690
81652862,53,7753,0,17,0,7753
17378555,42,10025,0,18,31,10025
96208413,49,0,0,7,0,0
73304033,32,7465,0,18,23,7465
76148174,51,6472,0,9,49,6472
19265371,28,0,0,18,0,0
28592124,48,0,0,19,0,0
2884966,42,16014,0,13,44,16014
57197243,32,0,0,12,0,0
76180284,51,0,0,17,0,0
19384150,39,29294,0,15,118,29294
69050061,47,0,0,9,0,0
60872510,25,0,0,14,0,0
25733907,32,8333,0,6,78,8333
53556979,26,14842,0,14,67,14842
41572388,37,9571,0,9,73,9571
14883463,31,0,0,7,0,0
78190666,39,4678,0,12,26,4678
43555984,32,8135,0,18,25,8135
12785620,54,0,0,16,0,0
6506308,42,11457,0,17,38,11457
89643489,23,2585,0,11,16,2585
86948773,44,2585,0,6,36,2585
22638977,38,5468,0,7,60,5468
81486556,33,18227,0,17,61,18227
70735820,31,0,0,13,0,0
28200346,30,15792,5000,10,58,10792
46021819,30,10741,5000,10,41,5741
31808065,38,16749,0,15,68,16749
14808253,48,14452,0,11,35,14452
2016512,24,0,0,15,0,0
14969466,22,15624,0,16,57,15624
96067519,34,1908,0,11,12,1908
28505976,35,12634,0,19,36,12634
72515358,49,3250,0,9,25,3250
43579106,49,15624,0,12,87,15624
91779849,39,27992,0,13,103,27992
51968896,36,9374,0,18,29,9374
42404635,27,16275,0,20,42,16275
83386832,44,11485,0,6,156,11485
85809792,51,11392,0,13,57,11392
8553055,45,11043,0,17,37,11043
75908141,32,7657,0,8,37,7657
95702751,47,18227,0,10,57,18227
65518369,46,18227,0,18,56,18227
36265964,43,11392,0,17,38,11392
44439765,29,13280,0,7,80,13280
99680002,21,0,0,16,0,0
2709084,33,11485,0,8,61,11485
21399070,54,0,0,16,0,0
1741345,22,4802,0,8,43,4802
49178188,46,0,0,13,0,0
32153080,53,0,0,20,0,0
97696191,20,14322,0,12,80,14322
57755103,48,13400,0,7,66,13400
57425298,34,0,0,8,0,0
966097,39,8614,0,14,21,8614
13072543,51,0,0,17,0,0
43292804,28,9895,0,16,36,9895
84011712,43,1428,0,15,6,1428
85716298,37,3852,0,10,28,3852
44815613,31,15493,0,14,69,15493
53376912,25,11848,0,11,35,11848
15308330,53,0,0,9,0,0
10810816,53,0,0,7,0,0
60719835,31,10481,0,15,42,10481
43675129,36,13215,0,9,70,13215
6208720,33,24086,0,18,74,24086
98943043,36,12442,0,16,46,12442
68967889,37,6652,0,13,33,6652
46775618,28,26690,0,16,98,26690
12228302,27,12108,0,11,56,12108
12130537,34,3467,0,17,12,3467
30882417,31,1773,0,12,10,1773
57558559,44,8984,0,18,28,8984
66132474,30,11772,0,13,50,11772
63440736,25,22784,0,5,45,22784
45227955,41,0,0,16,0,0
92302303,30,11392,0,16,42,11392
42963004,38,0,0,16,0,0
37230721,22,0,0,11,0,0
29122555,43,17228,0,18,46,17228
97961704,51,18227,0,11,133,18227
67809115,23,15038,0,6,27,15038
35113357,38,9569,0,11,23,9569
19073418,21,6652,0,6,90,6652
49429929,29,23435,0,13,117,23435
32763555,37,17772,0,10,128,17772
28198821,28,14322,0,8,129,14322
62030849,51,12889,0,17,43,12889
67969532,27,11043,0,10,5,11043
28764556,29,10936,0,17,37,10936
5954055,42,10546,0,14,28,10546
52112093,27,21482,0,13,70,21482
43714696,52,11392,0,16,42,11392
8979625,46,0,0,19,0,0
42847668,28,8593,0,7,47,8593
51686741,22,0,0,9,0,0
34396121,27,4594,0,19,13,4594
76148725,37,0,0,9,0,0
1263992,36,5136,0,19,14,5136
46772375,21,11485,0,17,39,11485
59100357,55,14842,0,11,99,14842
58618372,52,6126,0,13,12,6126
99141738,25,2216,0,7,24,2216
57325640,53,0,0,7,0,0
32989050,28,27341,0,9,67,27341
11694447,44,29294,0,12,58,29294
69376333,39,11198,0,6,144,11198
73242194,40,8593,0,16,32,8593
5045251,47,10767,0,16,41,10767
56064940,39,10936,0,12,61,10936
33721468,39,0,0,18,0,0
86875138,50,2709,0,12,15,2709
659069,22,0,0,18,0,0
89146851,22,0,0,10,0,0
44252568,31,12499,0,8,35,12499
67715498,53,11485,0,12,60,11485
27085847,23,12060,0,18,37,12060
51144673,49,12304,0,13,74,12304
9342340,28,17707,0,6,93,17707
50613790,27,6510,0,18,20,6510
10040302,28,3706,0,12,21,3706
1281749,40,26690,0,12,51,26690
75347854,49,0,0,13,0,0
96749323,54,3447,0,8,31,3447
90811649,38,6317,0,17,21,6317
74712403,29,10273,0,13,51,10273
1810521,25,13996,0,15,39,13996
55854401,41,2832,0,10,11,2832
35116139,25,15792,0,10,114,15792
77371538,41,16405,0,13,10,16405
62762523,29,7011,0,16,26,7011
52661912,35,0,0,13,0,0
2790626,39,13400,0,9,90,13400
17793869,26,0,0,12,0,0
28911875,47,1551,0,19,4,1551
48918330,28,19529,0,9,119,19529
4523134,36,2216,0,10,16,2216
86434511,44,6700,0,8,55,6700
64050823,47,9569,0,19,27,9569
22669464,32,2955,0,6,38,2955
29839787,23,6770,0,11,43,6770
10820541,46,17707,0,18,54,17707
32313457,33,0,0,7,0,0
91998882,49,29294,0,17,81,29294
43804632,29,0,0,7,0,0
1404364,41,0,0,16,0,0
37810734,46,0,0,8,0,0
59948339,46,2733,0,6,31,2733
15573800,49,8137,0,12,45,8137
6431571,35,5208,0,15,27,5208
68659059,42,0,0,18,0,0
80168252,27,6317,0,7,49,6317
28430771,22,15792,0,17,53,15792
93286415,54,0,0,6,0,0
73032655,27,10155,0,19,29,10155
73325934,43,8202,0,19,23,8202
77273070,30,0,0,12,0,0
69496586,42,5393,0,10,30,5393
33820589,27,5034,0,11,32,5034
23504405,21,17576,0,16,55,17576
88197490,50,17576,0,8,151,17576
36707198,28,9715,0,5,155,9715
4122919,45,11327,0,18,33,11327
46117145,37,18878,0,14,85,18878
43109541,54,9114,0,9,69,9114
46055379,47,2585,0,16,10,2585
87400512,28,0,0,13,0,0
3932434,41,0,0,7,0,0
35312997,22,20578,0,18,49,20578
35448674,34,3250,0,13,16,3250
15128323,53,12395,0,11,78,12395
81041054,51,8072,0,15,18,8072
43453918,39,8614,0,16,32,8614
34961297,37,7083,0,13,35,7083
39286234,55,18227,0,8,143,18227
1270371,53,3493,0,13,17,3493
40283766,27,0,0,14,0,0
34540799,29,0,0,9,0,0
27642689,30,0,5000,10,0,-5000
48064233,52,18878,0,7,121,18878
27374036,54,3775,0,13,0,3775
40620425,53,0,0,6,0,0
63058546,20,0,0,11,0,0
93363012,34,10481,0,13,52,10481
10598109,23,0,0,7,0,0
53526850,51,0,0,8,0,0
5240482,46,5743,0,17,19,5743
82983060,51,3361,0,16,16,3361
22067663,54,15233,0,10,140,15233
75704799,46,0,0,8,0,0
46153447,40,0,0,15,0,0
7652383,35,0,0,17,0,0
98775401,23,3570,0,16,13,3570
53277883,51,0,0,18,0,0
85162445,39,19139,0,7,135,19139
1244957,26,17316,0,19,49,17316
80527142,42,22784,0,15,92,22784
11271644,44,13215,0,12,11,13215
84824624,42,0,0,12,0,0
63692581,48,9569,0,14,43,9569
62646189,51,0,0,15,0,0
41505954,43,1773,0,11,11,1773
83364361,31,15038,0,17,50,15038
64130735,38,13671,0,13,40,13671
76453173,46,0,0,6,0,0
62745306,43,13020,0,20,34,13020
72472487,44,4161,0,10,30,4161
20702107,40,0,0,11,0,0
23618246,42,6780,0,15,27,6780
33249671,29,11327,0,16,42,11327
32620725,53,15233,0,15,209,15233
63082953,39,3103,0,11,20,3103
43078460,50,24737,0,11,87,24737
16920434,47,12108,0,5,143,12108
4704602,51,19529,0,15,21,19529
70298427,32,14452,0,13,72,14452
10086564,53,14842,0,19,42,14842
57018490,44,0,0,10,0,0
4686853,54,3447,0,9,26,3447
64604620,45,24737,0,14,71,24737
86902642,43,0,0,10,0,0
14714216,32,0,0,9,0,0
5975418,45,3801,0,9,0,3801
63546482,23,3029,0,6,41,3029
77732978,33,8375,0,8,75,8375
58594156,33,2216,0,19,6,2216
91675349,54,14357,0,14,197,14357
83554922,38,0,0,8,0,0
42995390,45,1908,0,18,6,1908
68461973,33,7753,0,16,29,7753
20815527,36,0,0,17,0,0
12136217,41,14973,0,19,42,14973
583260,27,0,0,8,0,0
90308480,30,10050,0,10,48,10050
1942903,27,21482,0,9,163,21482
9740523,21,0,0,6,0,0
48755334,28,3544,0,7,39,3544
91571294,55,15233,0,5,24,15233
97560046,34,8614,0,15,35,8614
44780447,24,11007,0,10,79,11007
11236159,53,3447,0,13,17,3447
11541054,24,13400,0,8,115,13400
8800200,39,3176,0,10,23,3176
27362088,41,15493,0,9,118,15493
2983319,30,7371,0,10,53,7371
82458115,20,3698,0,18,11,3698
60992578,41,0,0,15,0,0
21006675,23,0,0,15,0,0
12583960,34,9045,0,7,68,9045
43049381,40,6164,0,14,28,6164
22434684,42,4403,0,15,18,4403
34925807,36,26039,0,12,56,26039
31251373,52,4925,0,10,35,4925
14338157,50,3955,0,11,25,3955
5942645,42,0,0,15,0,0
86234533,44,8218,0,15,33,8218
71660518,44,0,0,10,0,0
79487814,53,3940,0,13,20,3940
83522369,52,2068,0,13,4,2068
69601375,29,15314,0,6,53,15314
4021127,49,0,0,5,0,0
3635855,30,0,5000,10,0,-5000
17738307,30,0,5000,10,0,-5000
78239566,30,0,5000,10,0,-5000
3458139,25,22133,0,19,0,22133
619890,30,15792,5000,10,58,10792
73764098,30,7896,5000,10,0,2896
52975263,30,10741,5000,10,0,5741
87897341,30,21482,5000,10,58,16482
30536633,30,2031,5000,10,0,-2969
81844293,30,2031,5000,10,0,-2969
12257451,30,5085,5000,10,0,85
83510151,30,2438,5000,10,0,-2562
12989318,30,4238,5000,10,0,-762
89768808,30,0,5000,10,0,-5000
48967504,30,0,5000,10,0,-5000
17896069,30,0,5000,10,0,-5000
15583216,30,0,5000,10,0,-5000
93554926,30,0,5000,10,0,-5000
28079410,30,0,5000,10,0,-5000
45417506,30,0,5000,10,0,-5000
58910426,30,0,5000,10,1,-5000
5017027,30,7896,3000,10,0,4896
59693341,30,0,5000,10,1,-5000
6356372,41,26039,0,9,120,26039
16104044,30,10741,5000,10,0,5741
75505235,30,0,5000,10,0,-5000
23939318,30,0,5000,10,0,-5000
31937535,30,0,5000,10,0,-5000
